sfid,nfid,zm,tipo 1,tipo2,descripcion ,observa,valida
1,Q-03-266,qro,privado,baldio/zona de reserva,,,
2,L-01-285,len,privado,baldio/zona de reserva,,,
3,Q-01-091,qro,privado,deportivo,campo de golf,,
4,L-00-477,len,publico,equipamiento urbano,camellon,,
5,L-03-151,len,privado,baldio/zona de reserva,rio,,
6,L-02-718,len,privado,parque,,,
7,Q-01-049,qro,privado,jardin residencial,residencial,,
8,L-01-764,len,privado,baldio/zona de reserva,,,
9,Q-04-004,qro,privado,parque,,,
10,Q-06-893,qro,privado,jardin institucional,escuela,,
11,L-04-327,len,publico,deportivo,unidad deportiva,,
12,L-02-378,len,privado,baldio/zona de reserva,,,
13,Q-00-657,qro,publico,equipamiento urbano,camellon,,
14,L-03-582,len,publico,parque,,,
15,L-03-272,len,privado,baldio/zona de reserva,,,
16,L-07-305,len,privado,jardin residencial,rural,,
17,Q-02-649,qro,privado,baldio/zona de reserva,,,
18,L-04-040,len,privado,deportivo,escuela,lux,
19,Q-00-146,qro,privado,baldio/zona de reserva,,,
20,Q-01-766,qro,publico,parque,,,
21,L-09-710,len,privado,baldio/zona de reserva,,,
22,Q-02-158,qro,publico,equipamiento urbano,camellon,,
23,Q-02-945,qro,privado,jardin residencial,rural,posible baldio inter manzana,
24,L-09-081,len,privado,baldio/zona de reserva,,,
25,Q-06-908,qro,privado,jardin institucional,escuela,,
26,L-09-738,len,privado,baldio/zona de reserva,,,
27,L-03-638,len,privado,jardin institucional,escuela,,
28,Q-00-571,qro,privado,baldio/zona de reserva,,,
29,L-05-166,len,privado,parque,residencial,,
30,L-04-388,len,privado,parque,,,
31,Q-02-053,qro,privado,equipamiento urbano,privada,,
32,Q-03-944,qro,privado,baldio/zona de reserva,,,
33,Q-02-268,qro,privado,baldio/zona de reserva,,,
34,L-04-414,len,privado,jardin institucional,escuela,privada,
35,Q-07-882,qro,privado,baldio/zona de reserva,,,
36,L-10-419,len,privado,jardin residencial,rural,,
37,Q-09-544,qro,privado,jardin residencial,residencial,,
38,Q-01-388,qro,publico,equipamiento urbano,,,
39,L-05-448,len,privado,baldio/zona de reserva,,,
40,L-05-468,len,privado,baldio/zona de reserva,,,
41,L-06-972,len,privado,jardin residencial,campestre,"como una villa rara, no es en un residencial campestre",
42,L-06-134,len,privado,jardin residencial,rural,,
43,Q-07-055,qro,privado,jardin residencial,clase media,,
44,Q-10-689,qro,privado,jardin residencial,rural,,
45,Q-07-215,qro,privado,jardin residencial,rural,,
46,L-09-275,len,privado,jardin residencial,campestre,,
47,Q-00-796,qro,privado,baldio/zona de reserva,,,
48,Q-01-859,qro,privado,baldio/zona de reserva,arroyo,,
49,L-02-842,len,publico,equipamiento urbano,,,
50,Q-02-069,qro,publico,equipamiento urbano,,,
51,Q-07-339,qro,privado,baldio/zona de reserva,,,
52,L-07-233,len,privado,baldio/zona de reserva,,,
53,L-03-206,len,privado,baldio/zona de reserva,,,
54,Q-09-952,qro,privado,baldio/zona de reserva,,,
55,L-06-217,len,privado,agricola/cultivo,,,
56,Q-06-875,qro,privado,jardin residencial,residencial,compartido entre varios,
57,L-04-839,len,publico,parque,,,
58,L-09-459,len,privado,baldio/zona de reserva,,,
59,L-09-914,len,privado,baldio/zona de reserva,,,
60,Q-04-641,qro,privado,parque,residencial,altozano,
61,Q-10-380,qro,privado,baldio/zona de reserva,,,
62,L-05-865,len,privado,agricola/cultivo,,,
63,Q-10-172,qro,privado,jardin residencial,,,
64,Q-03-442,qro,publico,parque,,,
65,L-08-170,len,privado,jardin residencial,,,
66,Q-03-131,qro,privado,jardin residencial,,,
67,L-06-278,len,privado,jardin residencial,,,
68,Q-09-948,qro,privado,jardin residencial,,,
69,Q-03-450,qro,privado,baldio/zona de reserva,,,
70,L-09-474,len,privado,jardin residencial,,,
71,L-03-211,len,privado,jardin residencial,,,
72,Q-03-514,qro,privado,jardin residencial,,incluye baldio cercano,
73,L-04-061,len,,,,,
74,Q-10-251,qro,privado,jardin residencial,,,
75,Q-11-212,qro,privado,agricola/cultivo,,,
76,Q-01-283,qro,privado,baldio/zona de reserva,,,
77,L-06-982,len,privado,deportivo,residencial,,
78,Q-10-888,qro,privado,jardin residencial,parque,residencial y salon de fiestas en construcción,
79,L-03-892,len,privado,jardin residencial,rural,,
80,Q-06-661,qro,privado,jardin residencial,,,
81,Q-05-806,qro,privado,jardin institucional,comercial,salón de fiestas,
82,L-08-207,len,privado,jardin residencial,rural,,
83,Q-02-473,qro,privado,jardin residencial,rural,,
84,L-06-560,len,privado,jardin institucional,campestre,,
85,L-06-967,len,privado,jardin residencial,,,
86,Q-10-013,qro,privado,agricola/cultivo,,,
87,Q-07-126,qro,privado,equipamiento urbano,estación ferrocarril,,
88,L-07-870,len,privado,jardin institucional,escuela rural,,
89,L-03-729,len,privado,parque,residencial,,
90,Q-05-354,qro,privado,jardin residencial,,varios jardines de casa,
91,L-03-383,len,privado,jardin residencial,,parece casco de hacienda o similar,
92,Q-03-103,qro,publico,parque,,Casco de hacienda recuperado por gobierno,
93,L-04-381,len,privado,parque,residencial,edificio de departamentos y toma algo de equipamiento urbano,
94,Q-02-634,qro,privado,jardin residencial,rural,,
95,Q-10-071,qro,privado,jardin residencial,rural,,
96,Q-07-307,qro,privado,jardin institucional,escuela,,
97,L-04-187,len,privado,jardin residencial,rural,,
98,L-08-583,len,privado,jardin residencial,,,
99,Q-03-809,qro,privado,jardin residencial,,,
100,L-03-642,len,privado,parque,residencial,,
101,L-05-941,len,privado,jardin residencial,rural,,
102,Q-03-054,qro,privado,jardin residencial,rural,varias viviendas,
103,L-01-361,len,privado,agricola/cultivo,,,
104,L-08-547,len,privado,jardin residencial,rural,,
105,L-08-439,len,privado,jardin residencial,rural,,
106,Q-08-415,qro,privado,jardin residencial,rural,,
107,Q-01-513,qro,privado,deportivo,campo de futbol,,
108,L-10-126,len,privado,agricola/cultivo,,se mezcla con jardines residenciales rurales,
109,Q-01-444,qro,privado,jardin institucional,escuela,,
110,L-00-613,len,privado,parque,residencial,,
111,Q-01-560,qro,publico,equipamiento urbano,,,
112,Q-09-805,qro,privado,jardin residencial,rural,,
113,L-03-969,len,privado,jardin residencial,rural,,
114,Q-02-959,qro,privado,jardin residencial,rural,,
115,Q-00-273,qro,privado,equipamiento urbano,residencial,,
116,L-10-016,len,privado,jardin institucional,industria,,
117,L-01-820,len,privado,jardin residencial,rural,,
118,Q-10-765,qro,privado,jardin residencial,rural,,
119,L-07-908,len,privado,jardin residencial,campestre,,
120,Q-11-262,qro,privado,agricola/cultivo,,,
121,Q-05-684,qro,privado,agricola/cultivo,,,
122,L-03-703,len,privado,baldio/zona de reserva,,,
123,L-09-425,len,privado,jardin residencial,rural,,
124,Q-09-207,qro,privado,jardin institucional,escuela,,
125,Q-06-359,qro,privado,jardin institucional,industrial,,
126,Q-02-999,qro,privado,jardin residencial,campestre,,
127,L-06-537,len,privado,baldio/zona de reserva,,,
128,Q-01-874,qro,privado,equipamiento urbano,residencial,,
129,L-08-879,len,privado,jardin institucional,escuela rural,,
130,Q-08-092,qro,privado,equipamiento urbano,escuela,,
131,L-05-127,len,privado,jardin institucional,industrial,,
132,L-00-938,len,publico,equipamiento urbano,arroyo,,
133,L-09-167,len,privado,jardin residencial,rural,,
134,Q-07-531,qro,privado,jardin residencial,,,
135,L-03-045,len,privado,parque,residencial,,
136,Q-11-128,qro,privado,agricola/cultivo,,,
137,L-04-077,len,privado,jardin residencial,,,
138,Q-11-245,qro,privado,agricola/cultivo,,,
139,L-09-325,len,privado,jardin residencial,campestre,,
140,Q-01-549,qro,privado,parque,residencial,,
141,Q-03-668,qro,privado,jardin residencial,,,
142,L-02-534,len,privado,jardin residencial,campestre,,
143,Q-03-531,qro,privado,jardin residencial,rural,,
144,L-05-785,len,privado,baldio/zona de reserva,,,
145,L-09-551,len,privado,parque,residencial,,
146,Q-10-665,qro,privado,baldio/zona de reserva,comercial,gasera,
147,Q-11-061,qro,privado,jardin residencial,campestre,,
148,Q-00-974,qro,privado,equipamiento urbano,residencial,,
149,Q-06-018,qro,privado,baldio/zona de reserva,,,
150,Q-06-442,qro,privado,jardin institucional,industrial,,
151,L-01-809,len,privado,baldio/zona de reserva,,,
152,Q-05-212,qro,privado,jardin residencial,campestre,,
153,Q-03-241,qro,privado,jardin residencial,popular,,
154,Q-01-072,qro,privado,baldio/zona de reserva,,,
155,Q-00-869,qro,publico,equipamiento urbano,,,
156,L-07-988,len,privado,jardin institucional,comercial,salón de fiestas,
157,Q-10-362,qro,privado,baldio/zona de reserva,,,
158,Q-05-992,qro,privado,jardin residencial,rural,,
159,L-01-618,len,privado,agricola/cultivo,industrial,,
160,L-02-061,len,privado,baldio/zona de reserva,,,
161,L-01-602,len,privado,jardin institucional,industrial,,
162,L-10-378,len,privado,jardin residencial,rural,,
163,L-06-646,len,privado,jardin residencial,rural,,
164,L-10-137,len,privado,jardin residencial,rural,,
165,L-00-521,len,privado,baldio/zona de reserva,arroyo,,
166,L-06-494,len,privado,baldio/zona de reserva,,,
167,Q-10-975,qro,privado,baldio/zona de reserva,,,
168,Q-01-152,qro,privado,baldio/zona de reserva,canal,,
169,Q-09-231,qro,privado,jardin residencial,residencial,,
170,Q-03-624,qro,privado,baldio/zona de reserva,,,
171,Q-04-344,qro,privado,baldio/zona de reserva,,,
172,L-05-882,len,privado,baldio/zona de reserva,,,
173,L-05-965,len,privado,jardin residencial,rural,,
174,Q-10-363,qro,privado,baldio/zona de reserva,,,
175,L-02-379,len,privado,jardin residencial,residencial,,
176,L-04-555,len,privado,baldio/zona de reserva,,,
177,L-04-463,len,privado,deportivo,,club hípico,
178,L-05-404,len,privado,jardin residencial,rural,,
179,Q-05-476,qro,privado,jardin residencial,popular,,
180,Q-05-674,qro,privado,jardin institucional,comercial,salón de fiestas,
181,L-00-630,len,privado,parque,residencial,,
182,Q-04-773,qro,privado,baldio/zona de reserva,,,
183,L-08-819,len,privado,jardin residencial,rural,,
184,L-06-036,len,privado,jardin institucional,abandonado,Era una estructura agrícola,
185,Q-02-665,qro,privado,jardin residencial,campestre,,
186,Q-06-127,qro,privado,baldio/zona de reserva,,,
187,L-07-910,len,privado,baldio/zona de reserva,,,
188,Q-03-862,qro,privado,jardin residencial,comercial,hotel,
189,Q-06-944,qro,privado,jardin institucional,comercial,taller,
190,L-03-524,len,privado,jardin institucional,escuela,,
191,L-01-172,len,privado,baldio/zona de reserva,,,
192,Q-04-679,qro,privado,baldio/zona de reserva,,,
193,Q-04-057,qro,privado,jardin institucional,club,parte de las instalaciones del club de golf,
194,L-01-819,len,privado,jardin residencial,,,
195,Q-08-869,qro,privado,jardin residencial,residencial,,
196,Q-07-410,qro,privado,baldio/zona de reserva,,,
197,Q-05-727,qro,privado,equipamiento urbano,industrial,,
198,Q-01-024,qro,privado,jardin institucional,centro cultural,,
199,Q-09-102,qro,privado,jardin institucional,industrial,patio de servicio/taller,
200,L-03-922,len,privado,jardin residencial,rural,,
201,Q-06-282,qro,privado,jardin residencial,,,
202,Q-07-870,qro,privado,jardin institucional,comercial,hotel,
203,Q-05-797,qro,privado,baldio/zona de reserva,,,
204,Q-01-918,qro,privado,deportivo,residencial,,
205,L-06-219,len,privado,jardin institucional,comercial,granja vacas,
206,L-05-337,len,privado,jardin residencial,rural,se mezcla la capa con zona de cultivo,
207,L-06-830,len,privado,agricola/cultivo,,,
208,L-08-515,len,privado,jardin residencial,rural,,
209,L-02-615,len,privado,equipamiento urbano,canal,,
210,Q-08-895,qro,privado,jardin institucional,industrial,,
211,L-02-983,len,privado,parque,residencial,,
212,Q-02-215,qro,publico,equipamiento urbano,,,
213,L-02-130,len,publico,parque,,parte de la presa Palote,
214,L-08-911,len,privado,jardin residencial,rural,,
215,Q-02-111,qro,privado,jardin institucional,industrial,parque industrial,
216,Q-09-293,qro,privado,baldio/zona de reserva,,terreno en venta,
217,L-09-002,len,privado,jardin residencial,,la capa de mezcla con un baldio,
218,Q-10-309,qro,privado,equipamiento urbano,canal,canal de riego,
219,L-10-095,len,privado,jardin residencial,rural,,
220,Q-00-784,qro,privado,parque,residencial,,
221,Q-04-524,qro,privado,jardin institucional,industrial,,
222,Q-02-421,qro,privado,agricola/cultivo,,valla de árboles,
223,Q-02-911,qro,privado,jardin residencial,campestre,,
224,Q-02-431,qro,privado,baldio/zona de reserva,,,
225,L-09-147,len,privado,jardin residencial,,,
226,Q-10-344,qro,privado,jardin residencial,rural,,
227,Q-03-141,qro,privado,jardin residencial,rural,,
228,Q-06-446,qro,privado,jardin institucional,escuela,,
229,L-07-521,len,privado,jardin residencial,rural,,
230,L-03-751,len,privado,agricola/cultivo,,,
231,Q-09-001,qro,privado,baldio/zona de reserva,,,
232,Q-08-537,qro,privado,jardin residencial,rural,,
233,L-03-605,len,privado,jardin institucional,,centro de atención adicciones,
234,Q-00-277,qro,privado,baldio/zona de reserva,,,
235,Q-08-456,qro,privado,jardin institucional,escuela,,
236,Q-02-757,qro,privado,jardin institucional,escuela,,
237,Q-10-945,qro,privado,baldio/zona de reserva,,,
238,L-01-571,len,privado,agricola/cultivo,,valla de árboles,
239,L-06-803,len,privado,jardin institucional,escuela,,
240,L-10-160,len,privado,jardin residencial,rural,,
241,L-03-013,len,privado,jardin institucional,,posible salón de fiestas y área adminstrativa del fraccionamiento,
242,Q-09-790,qro,privado,deportivo,escuela,,
243,Q-07-477,qro,privado,jardin institucional,escuela,,
244,Q-02-246,qro,privado,equipamiento urbano,residencial,,
245,L-07-131,len,privado,jardin residencial,campestre,,
246,L-10-053,len,privado,baldio/zona de reserva,,,
247,L-08-552,len,privado,jardin residencial,rural,,
248,L-04-915,len,privado,jardin institucional,industrial,,
249,Q-10-542,qro,privado,jardin residencial,rural,,
250,L-00-171,len,publico,equipamiento urbano,,,
251,Q-08-815,qro,,,escuela,panel solar,
252,Q-06-005,qro,privado,jardin institucional,comercial,granja vacas,
253,L-04-124,len,privado,jardin institucional,comercial,yonke,
254,Q-08-158,qro,publico,parque,centro cultural,Centro GTO contigo,
255,Q-09-089,qro,privado,jardin institucional,comercial,patio de servicio/maquinaria agricola,
256,Q-03-530,qro,,,comercial,hotel - panel solar,
257,L-02-680,len,privado,parque,residencial,,
258,Q-07-207,qro,privado,parque,residencial,,
259,L-06-528,len,privado,agricola/cultivo,,valla de árboles,
260,L-07-225,len,privado,baldio/zona de reserva,residencial,,
261,L-07-114,len,privado,jardin residencial,campestre,,
262,Q-07-962,qro,privado,baldio/zona de reserva,residencial,,
263,L-09-460,len,privado,jardin institucional,club de golf,,
264,Q-01-611,qro,privado,equipamiento urbano,residencial,,
265,L-03-900,len,privado,jardin institucional,escuela,,
266,L-04-307,len,privado,jardin residencial,residencial,,
267,Q-02-504,qro,privado,baldio/zona de reserva,,,
268,L-09-916,len,privado,baldio/zona de reserva,,,
269,L-09-194,len,privado,baldio/zona de reserva,,,
270,Q-07-592,qro,privado,baldio/zona de reserva,,,
271,Q-10-126,qro,privado,jardin residencial,rural,,
272,L-09-607,len,privado,jardin residencial,rural,,
273,L-09-528,len,privado,jardin residencial,rural,,
274,Q-00-402,qro,privado,baldio/zona de reserva,,,
275,L-05-948,len,privado,baldio/zona de reserva,,,
276,Q-10-250,qro,privado,jardin residencial,,,
277,L-05-933,len,privado,baldio/zona de reserva,rural,,
278,L-05-113,len,privado,jardin institucional,escuela,,
279,Q-06-010,qro,privado,jardin institucional,escuela,,
280,L-01-781,len,privado,jardin residencial,rural,,
281,Q-10-876,qro,privado,jardin residencial,campestre,,
282,L-10-167,len,privado,agricola/cultivo,,,
283,Q-00-764,qro,privado,baldio/zona de reserva,rural,,
284,Q-00-839,qro,privado,equipamiento urbano,,accesos a planta de tratamiento,
285,Q-09-204,qro,privado,jardin residencial,campestre,,
286,L-08-836,len,privado,jardin residencial,campestre,,
287,L-05-115,len,privado,jardin institucional,escuela,,
288,Q-05-190,qro,privado,jardin residencial,,,
289,Q-06-911,qro,privado,jardin residencial,rural,,
290,L-01-443,len,privado,agricola/cultivo,,valla de árboles,
291,Q-00-358,qro,privado,baldio/zona de reserva,,,
292,L-05-999,len,privado,baldio/zona de reserva,,,
293,Q-02-079,qro,privado,equipamiento urbano,residencial,,
294,L-07-739,len,privado,agricola/cultivo,,,
295,Q-09-130,qro,privado,jardin residencial,campestre,,
296,Q-09-492,qro,privado,jardin institucional,escuela,,
297,L-02-268,len,privado,agricola/cultivo,,valla de árboles,
298,L-01-442,len,privado,baldio/zona de reserva,arroyo,,
299,Q-09-054,qro,privado,baldio/zona de reserva,arroyo,,
300,L-02-943,len,privado,jardin residencial,rural,se mezcla con zona de agricola,
301,Q-09-831,qro,privado,jardin residencial,rural,,
302,Q-08-105,qro,privado,jardin institucional,industrial,,
303,Q-00-506,qro,privado,baldio/zona de reserva,,,
304,Q-00-534,qro,privado,baldio/zona de reserva,arroyo,,
305,L-02-726,len,privado,jardin residencial,rural,,
306,L-03-426,len,privado,jardin institucional,escuela,,
307,Q-11-135,qro,privado,jardin residencial,campestre,,
308,Q-02-618,qro,privado,baldio/zona de reserva,arroyo,,
309,Q-01-019,qro,privado,baldio/zona de reserva,,,
310,L-02-037,len,privado,baldio/zona de reserva,,,
311,Q-10-476,qro,privado,jardin residencial,campestre,,
312,L-03-826,len,privado,jardin institucional,industrial,,
313,Q-10-794,qro,privado,baldio/zona de reserva,,,
314,L-08-273,len,privado,baldio/zona de reserva,,,
315,Q-10-573,qro,privado,jardin residencial,campestre,,
316,Q-06-334,qro,privado,jardin residencial,popular,,
317,L-03-055,len,privado,jardin institucional,industrial,,
318,L-08-575,len,privado,agricola/cultivo,,,
319,Q-03-279,qro,privado,jardin residencial,rural,,
320,L-00-868,len,publico,equipamiento urbano,canal,,
321,L-05-587,len,privado,jardin residencial,campestre,,
322,Q-00-301,qro,privado,parque,residencial,,
323,Q-02-955,qro,privado,baldio/zona de reserva,rural,,
324,Q-04-561,qro,privado,jardin residencial,,,
325,Q-06-783,qro,privado,agricola/cultivo,,valla de árboles,
326,Q-08-426,qro,privado,baldio/zona de reserva,,,
327,Q-06-745,qro,privado,jardin residencial,rural,,
328,Q-00-646,qro,publico,equipamiento urbano,arbolado,,
329,Q-10-821,qro,privado,jardin institucional,escuela,,
330,L-08-773,len,privado,baldio/zona de reserva,rural,,
331,Q-06-324,qro,privado,jardin institucional,escuela,,
332,Q-00-196,qro,privado,baldio/zona de reserva,,,
333,L-06-055,len,privado,jardin institucional,industrial,,
334,Q-04-806,qro,privado,baldio/zona de reserva,rural,,
335,Q-10-149,qro,privado,jardin residencial,rural,,
336,L-06-871,len,privado,jardin residencial,campestre,,
337,Q-05-237,qro,privado,baldio/zona de reserva,,,
338,L-09-626,len,privado,jardin residencial,rural,,
339,Q-08-162,qro,privado,jardin residencial,,,
340,Q-03-636,qro,privado,jardin residencial,,se mezcla con baldio,
341,L-02-409,len,privado,jardin institucional,escuela,,
342,L-05-828,len,privado,agricola/cultivo,arroyo,,
343,Q-04-566,qro,privado,baldio/zona de reserva,,,
344,Q-09-580,qro,privado,jardin residencial,,se mezcla con baldio,
345,L-08-529,len,privado,jardin residencial,rural,,
346,Q-10-536,qro,privado,jardin residencial,rural,,
347,L-00-051,len,privado,parque,residencial,,
348,Q-09-785,qro,privado,jardin institucional,industrial,patio de servicio,
349,L-00-722,len,publico,equipamiento urbano,camellón,,
350,Q-07-939,qro,privado,jardin institucional,deportivo,IMSS clinica 13,
351,Q-05-779,qro,publico,parque,deportivo,cerrito colorado,
352,L-05-345,len,privado,baldio/zona de reserva,arroyo,,
353,Q-03-730,qro,privado,jardin residencial,,se mezcla con baldio,
354,L-06-640,len,privado,equipamiento urbano,campestre,,
355,Q-10-163,qro,privado,jardin residencial,campestre,,
356,Q-04-958,qro,privado,jardin residencial,,,
357,Q-04-332,qro,privado,baldio/zona de reserva,,,
358,L-04-494,len,privado,jardin residencial,,se mezcla con baldio,
359,Q-05-314,qro,privado,jardin residencial,popular,,
360,L-09-056,len,privado,jardin residencial,rural,,
361,Q-04-616,qro,privado,jardin residencial,rural,,
362,Q-11-051,qro,privado,jardin residencial,rural,,
363,Q-02-074,qro,privado,parque,residencial,,
364,L-07-017,len,privado,jardin residencial,rural,,
365,L-04-811,len,publico,parque,,,
366,L-00-135,len,publico,equipamiento urbano,camellón,,
367,Q-10-697,qro,privado,jardin residencial,rural,,
368,Q-06-418,qro,privado,jardin residencial,,,
369,Q-05-228,qro,privado,jardin residencial,rural,,
370,Q-07-756,qro,privado,jardin institucional,,CEAG,
371,Q-02-931,qro,privado,jardin residencial,rural,,
372,L-03-965,len,privado,baldio/zona de reserva,,,
373,Q-09-408,qro,privado,baldio/zona de reserva,,,
374,L-00-231,len,privado,equipamiento urbano,campestre,,
375,Q-03-192,qro,privado,jardin institucional,industrial,,
376,Q-05-084,qro,privado,jardin residencial,rural,,
377,Q-07-705,qro,privado,jardin residencial,,,
378,L-03-846,len,privado,jardin residencial,,,
379,L-09-604,len,privado,jardin institucional,escuela,,
380,Q-01-430,qro,privado,baldio/zona de reserva,,camino rural o vereda,
381,L-00-983,len,privado,parque,residencial,,
382,L-04-135,len,privado,jardin residencial,,,
383,Q-06-780,qro,publico,equipamiento urbano,canal,,
384,L-09-682,len,privado,agricola/cultivo,,,
385,Q-01-538,qro,privado,equipamiento urbano,residencial,,
386,Q-08-544,qro,privado,jardin institucional,comercial,,
387,L-01-497,len,privado,jardin institucional,comercial,hotel,
388,L-00-861,len,privado,baldio/zona de reserva,arroyo,,
389,L-01-637,len,privado,baldio/zona de reserva,arroyo,,
390,Q-10-432,qro,privado,jardin residencial,rural,,
391,L-05-123,len,privado,jardin residencial,rural,,
392,L-07-626,len,privado,baldio/zona de reserva,rural,,
393,Q-03-924,qro,privado,jardin residencial,,,
394,Q-03-264,qro,privado,baldio/zona de reserva,rural,,
395,Q-02-129,qro,privado,parque,residencial,,
396,Q-09-306,qro,privado,baldio/zona de reserva,,,
397,L-02-711,len,privado,baldio/zona de reserva,rural,,
398,L-05-057,len,privado,baldio/zona de reserva,,,
399,L-06-576,len,privado,jardin residencial,,,
400,L-05-398,len,privado,baldio/zona de reserva,arroyo,,
401,Q-06-036,qro,privado,jardin institucional,comercial,hotel,
402,L-03-401,len,privado,jardin residencial,,,
403,L-09-456,len,privado,jardin institucional,club de golf,,
404,Q-08-576,qro,privado,baldio/zona de reserva,,,
405,Q-03-864,qro,privado,baldio/zona de reserva,,,
406,Q-07-580,qro,privado,baldio/zona de reserva,residencial,,
407,Q-10-339,qro,privado,jardin residencial,rural,,
408,L-08-690,len,privado,jardin residencial,campestre,,
409,Q-03-947,qro,privado,jardin institucional,,comité de aguas subterraneas de Amazcala,
410,Q-03-909,qro,privado,jardin residencial,rural,,
411,Q-00-176,qro,privado,baldio/zona de reserva,,,
412,L-00-338,len,publico,equipamiento urbano,arbolado,,
413,Q-08-087,qro,privado,deportivo,escuela,,
414,L-05-830,len,privado,jardin residencial,rural,,
415,L-06-943,len,privado,jardin residencial,rural,,
416,Q-11-029,qro,privado,jardin residencial,rural,,
417,L-04-168,len,publico,parque,centro cultural,Centro GTO Contigo,
418,L-03-275,len,privado,jardin residencial,,,
419,Q-08-752,qro,privado,jardin residencial,,se mezcla con baldio,
420,Q-09-559,qro,privado,parque,residencial,,
421,Q-08-521,qro,privado,jardin residencial,,,
422,L-10-331,len,privado,jardin residencial,rural,,
423,L-00-394,len,publico,equipamiento urbano,canellón,,
424,Q-08-942,qro,privado,agricola/cultivo,,valla de árboles,
425,Q-03-217,qro,privado,jardin institucional,comercial,granja de vacas,
426,Q-10-680,qro,privado,jardin residencial,campestre,,
427,L-02-166,len,privado,parque,residencial,,
428,Q-09-065,qro,privado,jardin residencial,,,
429,L-09-187,len,privado,jardin residencial,campestre,,
430,Q-04-036,qro,privado,jardin residencial,,,
431,Q-04-866,qro,privado,jardin residencial,rural,,
432,Q-07-321,qro,privado,jardin institucional,escuela,,
433,L-01-215,len,privado,agricola/cultivo,,vereda,
434,Q-07-149,qro,privado,parque,residencial,,
435,L-03-178,len,privado,jardin residencial,,abarca baldio de próxima zona residencia (Aria),
436,L-07-784,len,privado,jardin residencial,rural,,
437,Q-02-875,qro,privado,jardin institucional,iglesia,,
438,Q-08-750,qro,privado,jardin residencial,rural,,
439,L-10-049,len,privado,jardin residencial,rural,,
440,L-02-286,len,privado,jardin institucional,comercial,hotel,
441,Q-04-539,qro,,,,paneles solares Antea,
442,Q-09-111,qro,privado,jardin institucional,comercial,patio de servicio,
443,Q-05-918,qro,privado,jardin residencial,,,
444,Q-03-689,qro,privado,jardin residencial,rural,,
445,L-02-877,len,privado,jardin institucional,escuela,,
446,Q-06-877,qro,privado,deportivo,campo de golf,se mezcla la capa con jardines residenciales,
447,L-09-592,len,privado,jardin institucional,comercial,bodega,
448,L-07-062,len,privado,jardin institucional,escuela,,
449,L-05-611,len,privado,jardin institucional,planta de tratamiento,,
450,Q-11-083,qro,privado,jardin residencial,rural,se mezcla con patio de bodega,
451,L-04-456,len,privado,jardin residencial,residencial,,
452,L-02-229,len,privado,jardin residencial,escuela,,
453,Q-02-597,qro,privado,agricola/cultivo,,,
454,L-06-659,len,privado,baldio/zona de reserva,,,
455,L-04-717,len,privado,jardin institucional,comercial,,
456,Q-01-414,qro,privado,baldio/zona de reserva,arroyo,,
457,L-05-290,len,privado,jardin institucional,industrial,,
458,Q-02-853,qro,privado,jardin residencial,rural,,
459,L-00-951,len,publico,parque,media,,
460,L-05-054,len,privado,jardin institucional,industrial,,
461,L-01-785,len,privado,baldio/zona de reserva,,,
462,Q-01-589,qro,publico,equipamiento urbano,arbolado,,
463,L-04-950,len,privado,jardin residencial,campestre,,
464,L-00-461,len,privado,equipamiento urbano,glorieta,,
465,Q-00-865,qro,privado,agricola/cultivo,,,
466,L-08-542,len,privado,jardin residencial,campestre,,
467,Q-01-075,qro,privado,agricola/cultivo,,,
468,L-00-781,len,publico,equipamiento urbano,camellón,,
469,L-06-288,len,privado,jardin institucional,salón de fiestas,,
470,Q-03-298,qro,privado,jardin residencial,rural,,
471,L-06-509,len,privado,jardin institucional,salón de fiestas,,
472,Q-06-794,qro,privado,jardin residencial,residencial,,
473,Q-04-484,qro,privado,baldio/zona de reserva,campo de golf,,
474,Q-07-091,qro,privado,jardin residencial,popular,,
475,L-10-405,len,privado,jardin residencial,rural,,
476,Q-00-560,qro,privado,jardin institucional,industrial,,
477,L-07-184,len,privado,jardin residencial,rural,,
478,L-07-451,len,privado,jardin residencial,residencial,,
479,L-08-352,len,privado,baldio/zona de reserva,,,
480,L-08-586,len,privado,jardin institucional,industrial,,
481,Q-08-189,qro,privado,jardin institucional,industrial,,
482,L-08-460,len,privado,jardin residencial,rural,,
483,Q-10-263,qro,privado,jardin residencial,rural,,
484,Q-08-123,qro,privado,jardin institucional,industrial,hay duda de que es realmente,
485,Q-09-482,qro,privado,jardin residencial,rural,,
486,L-05-490,len,privado,jardin institucional,tratamiento de aguas,,
487,L-03-441,len,privado,baldio/zona de reserva,,,
488,Q-05-623,qro,privado,baldio/zona de reserva,,,
489,Q-00-966,qro,privado,jardin residencial,,zona residencial en desarrollo,
490,Q-09-905,qro,privado,jardin institucional,jardin de fiestas,,
491,Q-10-922,qro,privado,jardin residencial,rural,,
492,L-05-505,len,privado,jardin residencial,campestre,,
493,L-08-180,len,privado,jardin residencial,campestre,,
494,Q-02-975,qro,privado,baldio/zona de reserva,rural,,
495,L-10-008,len,privado,jardin residencial,campestre,,
496,Q-00-212,qro,privado,equipamiento urbano,arbolado,residencial,
497,Q-09-291,qro,privado,jardin institucional,comercial,hotel/Quinta,
498,L-02-181,len,privado,jardin residencial,,,
499,L-07-823,len,privado,jardin institucional,comercial,patio de servicios construcción,
500,L-10-041,len,privado,agricola/cultivo,,incluye jardín residencial,
501,Q-06-985,qro,privado,baldio/zona de reserva,,,
502,Q-10-150,qro,privado,baldio/zona de reserva,,,
503,L-03-505,len,privado,jardin institucional,comercial,patio de servicio,
504,Q-05-263,qro,privado,equipamiento urbano,arbolado,residencial,
505,L-01-244,len,privado,jardin institucional,casa hogar ancianos,,
506,L-09-301,len,privado,jardin residencial,rural,,
507,Q-02-859,qro,privado,jardin residencial,rural,,
508,Q-08-839,qro,privado,jardin residencial,residencial,,
509,L-06-109,len,privado,jardin residencial,residencial,zona campestre herradura,
510,L-08-442,len,privado,agricola/cultivo,arbolado,,
511,L-03-083,len,privado,agricola/cultivo,arbolado,,
512,Q-05-750,qro,privado,agricola/cultivo,arbolado,,
513,Q-07-377,qro,privado,jardin institucional,comercial,salón de fiestas,
514,L-08-676,len,privado,baldio/zona de reserva,arbolado,,
515,L-01-040,len,privado,jardin institucional,residencial,casa muestra,
516,Q-10-994,qro,privado,baldio/zona de reserva,rural,,
517,L-02-508,len,privado,baldio/zona de reserva,,,
518,L-01-913,len,privado,baldio/zona de reserva,,,
519,L-06-161,len,privado,jardin residencial,rural,,
520,L-09-751,len,privado,baldio/zona de reserva,residencial,,
521,Q-04-808,qro,privado,jardin residencial,rural,,
522,Q-05-536,qro,privado,baldio/zona de reserva,rural,,
523,Q-04-092,qro,privado,jardin residencial,,,
524,L-02-045,len,privado,baldio/zona de reserva,arbolado,residencial,
525,Q-10-238,qro,privado,agricola/cultivo,arbolado,,
526,L-00-926,len,publico,equipamiento urbano,camellón,,
527,L-02-776,len,privado,deportivo,escuela,Instituto Cumbres,
528,Q-03-954,qro,privado,jardin residencial,,,
529,Q-07-776,qro,privado,equipamiento urbano,canal,,
530,Q-06-153,qro,privado,jardin residencial,,,
531,Q-09-758,qro,privado,jardin residencial,rural,,
532,Q-08-207,qro,privado,jardin institucional,comercial,salón de fiestas,
533,Q-09-740,qro,privado,baldio/zona de reserva,residencial,toma parte de jardín de departamentos,
534,L-09-635,len,privado,jardin residencial,rural,,
535,Q-00-666,qro,publico,equipamiento urbano,camellón,,
536,L-04-549,len,privado,jardin institucional,industrial,,
537,L-00-661,len,privado,baldio/zona de reserva,,toma parte de jardín residencial,
538,Q-01-080,qro,privado,equipamiento urbano,arroyo,,
539,Q-07-582,qro,privado,jardin residencial,,,
540,Q-03-420,qro,privado,baldio/zona de reserva,,,
541,Q-10-682,qro,privado,jardin residencial,rural,,
542,L-00-848,len,publico,equipamiento urbano,arbolado,,
543,L-08-840,len,privado,jardin residencial,campestre,,
544,L-01-248,len,privado,equipamiento urbano,arroyo,,
545,L-07-937,len,privado,equipamiento urbano,arroyo,,
546,L-06-984,len,privado,baldio/zona de reserva,arbolado,,
547,Q-04-684,qro,privado,jardin institucional,comercial,,
548,Q-07-583,qro,privado,parque,residencial,,
549,L-08-661,len,privado,baldio/zona de reserva,arbolado,,
550,L-09-372,len,privado,jardin residencial,rural,,
551,L-05-172,len,privado,agricola/cultivo,,,
552,L-08-548,len,privado,baldio/zona de reserva,,presa,
553,Q-09-707,qro,privado,jardin residencial,,,
554,L-09-217,len,privado,jardin residencial,rural,,
555,Q-05-109,qro,privado,jardin institucional,comercial,salón de fiestas,
556,Q-08-438,qro,privado,baldio/zona de reserva,,,
557,Q-00-671,qro,privado,parque,residencial,,
558,L-10-339,len,publico,parque,deportivo,,
559,L-05-660,len,privado,jardin residencial,campestre,,
560,Q-00-074,qro,privado,equipamiento urbano,arroyo,,
561,Q-04-003,qro,privado,jardin residencial,,,
562,Q-03-447,qro,publico,parque,,jardín cactaceas parque bicentenario,
563,L-01-736,len,privado,jardin residencial,rural,,
564,Q-11-100,qro,privado,baldio/zona de reserva,,,
565,L-04-285,len,privado,jardin residencial,rural,,
566,L-07-258,len,privado,jardin institucional,comercial,granja vacas,
567,L-08-335,len,privado,baldio/zona de reserva,arbolado,,
568,L-01-184,len,publico,equipamiento urbano,camellón,,
569,Q-10-469,qro,privado,jardin residencial,rural,,
570,Q-07-280,qro,privado,jardin institucional,residencial,salón de fiestas,
571,L-06-317,len,privado,baldio/zona de reserva,,,
572,Q-03-694,qro,privado,jardin residencial,rural,,
573,Q-00-895,qro,privado,baldio/zona de reserva,,,
574,L-01-213,len,publico,equipamiento urbano,canal,,
575,Q-02-732,qro,privado,agricola/cultivo,arbolado,,
576,L-00-968,len,publico,equipamiento urbano,camellón,,
577,Q-05-412,qro,privado,jardin residencial,rural,,
578,L-00-395,len,privado,equipamiento urbano,arroyo,,
579,L-06-932,len,privado,jardin residencial,campestre,,
580,Q-00-202,qro,privado,equipamiento urbano,residencial,,
581,L-05-070,len,privado,jardin institucional,comercial,patio de servicio,
582,Q-02-954,qro,privado,jardin residencial,rural,,
583,L-06-449,len,privado,jardin institucional,comercial,Coorporativo Caja Popular Mexicana,
584,Q-10-880,qro,privado,jardin residencial,rural,,
585,Q-06-340,qro,privado,baldio/zona de reserva,,,
586,Q-03-597,qro,privado,baldio/zona de reserva,,,
587,L-07-565,len,privado,jardin residencial,rural,,
588,L-00-490,len,privado,baldio/zona de reserva,,,
589,Q-04-665,qro,privado,jardin institucional,comercial,bodegas,
590,L-08-573,len,privado,agricola/cultivo,arbolado,,
591,L-02-398,len,privado,jardin institucional,comercial,plaza comercial,
592,L-04-561,len,privado,jardin residencial,,,
593,L-01-713,len,privado,baldio/zona de reserva,arbolado,borde presa,
594,L-00-306,len,publico,equipamiento urbano,camellón,,
595,Q-00-527,qro,privado,baldio/zona de reserva,,,
596,L-01-397,len,privado,baldio/zona de reserva,arbolado,,
597,L-00-500,len,publico,equipamiento urbano,camellón,,
598,L-00-617,len,privado,parque,residencial,,
599,L-03-187,len,privado,jardin residencial,,,
600,L-04-094,len,privado,jardin residencial,,,
601,Q-09-689,qro,privado,jardin institucional,comercial,patio de servicio,
602,NA,NA,,,,,
603,Q-04-788,qro,privado,jardin residencial,rural,,
604,L-01-381,len,privado,equipamiento urbano,,,
605,L-03-970,len,privado,baldio/zona de reserva,residencial,arbolado,
606,Q-06-482,qro,privado,jardin institucional,industrial,,
607,Q-05-025,qro,privado,jardin residencial,,,
608,L-05-475,len,privado,agricola/cultivo,,,
609,L-02-394,len,privado,jardin residencial,residencial,,
610,L-08-103,len,privado,equipamiento urbano,industrial,,
611,Q-05-775,qro,privado,baldio/zona de reserva,arbolado,,
612,L-10-304,len,privado,agricola/cultivo,arbolado,,
613,L-09-790,len,privado,agricola/cultivo,arbolado,,
614,L-05-836,len,privado,jardin residencial,campestre,,
615,L-03-490,len,privado,jardin residencial,campestre,,
616,L-03-318,len,privado,parque,residencial,,
617,L-08-979,len,privado,baldio/zona de reserva,arbolado,,
618,Q-01-527,qro,privado,baldio/zona de reserva,,,
619,L-02-750,len,privado,equipamiento urbano,arroyo,,
620,Q-10-460,qro,privado,jardin residencial,rural,,
621,L-04-037,len,privado,agricola/cultivo,arbolado,,
622,L-03-173,len,privado,baldio/zona de reserva,,,
623,L-09-110,len,privado,jardin residencial,rural,,
624,L-04-402,len,privado,parque,residencial,,
625,L-05-430,len,privado,jardin institucional,planta de tratamiento,,
626,Q-02-279,qro,privado,agricola/cultivo,arbolado,,
627,Q-10-555,qro,privado,jardin residencial,campestre,,
628,L-09-938,len,privado,equipamiento urbano,arroyo,,
629,Q-10-878,qro,privado,agricola/cultivo,,se mezcla con jardin residencial rural,
630,Q-01-089,qro,publico,equipamiento urbano,arbolado,,
631,L-04-062,len,privado,jardin institucional,escuela,instituto Lux,
632,Q-03-751,qro,privado,jardin residencial,,,
633,Q-02-804,qro,privado,baldio/zona de reserva,,,
634,L-00-422,len,publico,equipamiento urbano,arbolado,,
635,Q-10-375,qro,privado,jardin residencial,rural,,
636,L-08-852,len,privado,jardin institucional,escuela,,
637,Q-02-138,qro,privado,jardin residencial,,,
638,Q-00-109,qro,privado,equipamiento urbano,arroyo,,
639,Q-07-107,qro,privado,jardin residencial,popular,,
640,L-00-111,len,privado,equipamiento urbano,residencial,,
641,L-05-035,len,privado,baldio/zona de reserva,arbolado,,
642,Q-04-235,qro,privado,baldio/zona de reserva,,,
643,L-09-258,len,privado,jardin residencial,rural,,
644,L-02-762,len,privado,jardin residencial,,,
645,Q-04-018,qro,privado,jardin residencial,,,
646,Q-03-956,qro,privado,jardin residencial,,,
647,Q-05-905,qro,privado,jardin residencial,rural,,
648,L-04-426,len,privado,jardin institucional,panteón,,
649,L-06-088,len,privado,agricola/cultivo,,,
650,Q-01-472,qro,publico,equipamiento urbano,camellón,,
651,L-07-840,len,privado,jardin residencial,campestre,,
652,Q-03-940,qro,privado,jardin residencial,residencial,,
653,Q-06-419,qro,privado,jardin residencial,residencial,,
654,Q-05-622,qro,publico,equipamiento urbano,arbolado,,
655,Q-06-085,qro,privado,jardin institucional,industrial,,
656,L-08-364,len,privado,jardin residencial,campestre,,
657,L-01-294,len,publico,equipamiento urbano,arbolado,,
658,L-00-421,len,publico,equipamiento urbano,glorieta,,
659,Q-04-020,qro,privado,jardin institucional,tianguis,,
660,L-03-158,len,privado,baldio/zona de reserva,arroyo,,
661,L-07-493,len,privado,agricola/cultivo,,,
662,L-02-070,len,privado,baldio/zona de reserva,,,
663,L-05-750,len,privado,baldio/zona de reserva,cañada,,
664,Q-09-673,qro,privado,jardin institucional,iglesia,,
665,Q-03-110,qro,privado,baldio/zona de reserva,,,
666,L-01-179,len,privado,baldio/zona de reserva,arroyo,,
667,Q-07-971,qro,privado,jardin residencial,rural,,
668,L-00-943,len,publico,parque,,,
669,L-04-835,len,privado,baldio/zona de reserva,,,
670,Q-08-021,qro,privado,baldio/zona de reserva,,,
671,L-10-332,len,privado,jardin residencial,rural,,
672,L-06-606,len,privado,jardin residencial,campestre,,
673,L-10-066,len,privado,jardin institucional,comercial,bodega,
674,L-10-159,len,privado,baldio/zona de reserva,,,
675,Q-06-706,qro,privado,jardin institucional,escuela,,
676,Q-02-223,qro,privado,equipamiento urbano,balneario,,
677,L-07-084,len,privado,jardin residencial,campestre,se mezcla la capa con baldio,
678,L-01-154,len,privado,jardin residencial,campestre,se mezcla la capa con baldio,
679,L-04-997,len,privado,parque,residencial,,
680,L-03-077,len,privado,parque,residencial,,
681,L-03-774,len,privado,jardin residencial,rural,arbolado,
682,L-01-051,len,privado,baldio/zona de reserva,cañada,arbolado,
683,L-05-011,len,privado,jardin residencial,,,
684,Q-01-574,qro,publico,equipamiento urbano,,arbolado,
685,L-02-335,len,privado,agricola/cultivo,,,
686,Q-04-504,qro,privado,jardin residencial,,se mezcla la capa con baldio,
687,L-06-756,len,privado,baldio/zona de reserva,,,
688,Q-01-426,qro,publico,equipamiento urbano,canal,,
689,L-02-929,len,privado,agricola/cultivo,,,
690,L-05-607,len,privado,baldio/zona de reserva,,,
691,L-01-895,len,privado,baldio/zona de reserva,,,
692,Q-00-137,qro,privado,baldio/zona de reserva,arroyo,arbolado,
693,L-06-531,len,privado,jardin residencial,campestre,,
694,Q-06-388,qro,privado,parque,residencial,,
695,L-06-787,len,privado,agricola/cultivo,arbolado,,
696,L-02-829,len,privado,jardin institucional,residencial,,
697,Q-05-834,qro,publico,equipamiento urbano,camellón,,
698,Q-05-754,qro,privado,jardin residencial,popular,,
699,L-06-856,len,privado,jardin residencial,rural,,
700,L-09-578,len,privado,jardin residencial,rural,,
701,L-02-856,len,privado,parque,residencial,,
702,L-05-386,len,privado,jardin residencial,rural,,
703,Q-00-450,qro,privado,parque,resindencial,altozano,
704,L-10-152,len,privado,jardin institucional,comercial,bodega,
705,Q-09-396,qro,privado,baldio/zona de reserva,arroyo,arbolado,
706,L-02-056,len,privado,jardin residencial,rural,,
707,L-06-677,len,privado,baldio/zona de reserva,arbolado,,
708,Q-07-455,qro,privado,jardin residencial,residencial,departamentos,
709,L-01-833,len,privado,parque,residencial,,
710,L-01-712,len,privado,baldio/zona de reserva,arbolado,borde presa,
711,Q-10-193,qro,privado,jardin residencial,rural,,
712,L-07-127,len,privado,baldio/zona de reserva,arbolado,,
713,Q-01-714,qro,privado,equipamiento urbano,residencial,,
714,L-09-281,len,privado,jardin residencial,rural,,
715,Q-02-446,qro,privado,baldio/zona de reserva,arroyo,,
716,L-03-877,len,privado,baldio/zona de reserva,,,
717,L-02-813,len,privado,jardin residencial,,,
718,L-00-513,len,privado,baldio/zona de reserva,arroyo,,
719,L-07-262,len,privado,jardin residencial,campestre,,
720,Q-05-418,qro,privado,jardin institucional,comercial,recicladora,
721,L-04-189,len,privado,jardin residencial,popular,,
722,Q-02-286,qro,publico,parque,deportiva,,
723,L-05-203,len,privado,baldio/zona de reserva,arroyo,,
724,L-09-208,len,privado,baldio/zona de reserva,arbolado,,
725,L-09-027,len,privado,jardin institucional,comercial,granja vacas,
726,L-10-365,len,privado,jardin institucional,escuela,,
727,Q-04-060,qro,privado,jardin residencial,,,
728,Q-03-222,qro,privado,jardin residencial,rural,,
729,Q-03-009,qro,privado,equipamiento urbano,residencial,en construcción,
730,Q-09-753,qro,privado,jardin institucional,comercial,salón de fiestas,
731,Q-10-903,qro,privado,jardin residencial,rural,,
732,L-00-866,len,publico,equipamiento urbano,camellón,,
733,L-07-085,len,privado,baldio/zona de reserva,,,
734,L-01-569,len,privado,baldio/zona de reserva,arroyo,,
735,L-06-754,len,privado,baldio/zona de reserva,,,
736,Q-06-017,qro,privado,baldio/zona de reserva,,,
737,L-07-976,len,privado,jardin residencial,campestre,,
738,Q-05-732,qro,privado,jardin institucional,industrial,,
739,Q-10-575,qro,privado,agricola/cultivo,,,
740,Q-02-049,qro,privado,parque,residencial,,
741,L-10-254,len,privado,jardin residencial,rural,,
742,L-02-205,len,privado,baldio/zona de reserva,,borde presa,
743,Q-07-260,qro,privado,jardin residencial,,,
744,Q-01-201,qro,publico,parque,,,
745,L-07-350,len,privado,jardin residencial,,,
746,Q-03-553,qro,privado,jardin residencial,rural,,
747,L-08-379,len,privado,baldio/zona de reserva,arbolado,,
748,L-07-182,len,privado,jardin residencial,,,
749,Q-02-328,qro,privado,baldio/zona de reserva,,,
750,Q-05-801,qro,privado,jardin residencial,campestre,,
751,L-05-093,len,privado,baldio/zona de reserva,,,
752,L-00-522,len,publico,equipamiento urbano,deportivo,deportivo juventudes,
753,L-05-168,len,privado,jardin institucional,escuela,,
754,Q-08-151,qro,privado,jardin institucional,comercial,central park,
755,Q-08-397,qro,privado,jardin residencial,,,
756,Q-05-223,qro,privado,jardin institucional,industrial,,
757,Q-01-445,qro,privado,parque,residencial,,
758,L-00-975,len,privado,baldio/zona de reserva,,,
759,Q-08-430,qro,privado,jardin institucional,industrial,,
760,Q-00-098,qro,privado,jardin institucional,industrial,,
761,Q-05-840,qro,privado,jardin residencial,,,
762,Q-01-106,qro,privado,baldio/zona de reserva,arroyo,,
763,Q-07-241,qro,privado,baldio/zona de reserva,residencial,,
764,Q-07-877,qro,privado,deportivo,,campo de beisbol,
765,L-05-164,len,privado,baldio/zona de reserva,arbolado,,
766,L-09-757,len,privado,jardin institucional,escuela,,
767,Q-07-500,qro,privado,parque,residencial,,
768,L-03-380,len,privado,jardin residencial,,,
769,Q-06-947,qro,privado,baldio/zona de reserva,arbolado,,
770,L-09-464,len,privado,baldio/zona de reserva,arbolado,,
771,L-08-664,len,privado,jardin institucional,planta de tratamiento,aeropuerto BJX,
772,L-07-211,len,privado,jardin residencial,campestre,,
773,Q-08-540,qro,privado,jardin residencial,,,
774,L-04-904,len,privado,jardin institucional,escuela,CECyTec,
775,L-09-875,len,privado,jardin institucional,escuela,,
776,Q-02-599,qro,privado,agricola/cultivo,,,
777,Q-10-630,qro,privado,agricola/cultivo,,,
778,Q-09-533,qro,privado,jardin residencial,rural,,
779,Q-03-771,qro,privado,jardin residencial,,,
780,L-03-911,len,privado,baldio/zona de reserva,arbolado,,
781,Q-07-771,qro,privado,jardin institucional,planta de tratamiento,CEAG,
782,L-03-712,len,privado,jardin institucional,escuela,,
783,Q-00-559,qro,privado,parque,residencial,,
784,Q-00-216,qro,privado,baldio/zona de reserva,,,
785,L-06-948,len,privado,agricola/cultivo,,,
786,L-05-474,len,privado,agricola/cultivo,,,
787,L-01-708,len,publico,parque,deportivo,,
788,Q-02-219,qro,publico,equipamiento urbano,,,
789,Q-05-971,qro,privado,baldio/zona de reserva,,,
790,L-04-302,len,privado,parque,residencial,,
791,Q-07-161,qro,privado,jardin residencial,,,
792,L-05-952,len,privado,jardin residencial,campestre,,
793,Q-07-409,qro,privado,jardin residencial,popular,,
794,L-03-403,len,publico,equipamiento urbano,arbolado,,
795,L-01-217,len,privado,parque,residencial,,
796,Q-06-327,qro,privado,jardin institucional,comercial,salón de fiestas,
797,L-07-058,len,privado,jardin institucional,comercial,bodega,
798,Q-09-977,qro,privado,jardin residencial,rural,,
799,Q-08-683,qro,privado,baldio/zona de reserva,,,
800,L-02-956,len,privado,jardin institucional,escuela,,
801,Q-06-957,qro,privado,baldio/zona de reserva,arbolado,,
802,L-06-585,len,privado,jardin residencial,campestre,,
803,Q-05-280,qro,privado,jardin residencial,campestre,,
804,L-00-121,len,publico,equipamiento urbano,canal,,
805,Q-02-252,qro,privado,baldio/zona de reserva,,,
806,Q-06-548,qro,privado,jardin residencial,,se mezcla capa con baldio,
807,L-10-319,len,privado,jardin residencial,rural,,
808,L-03-972,len,privado,agricola/cultivo,arbolado,,
809,NA,NA,,,,,
810,Q-03-914,qro,privado,jardin residencial,,,
811,L-09-641,len,privado,baldio/zona de reserva,arroyo,arbolado,
812,Q-00-058,qro,publico,equipamiento urbano,canal,,
813,L-06-061,len,privado,jardin residencial,rural,,
814,L-00-330,len,publico,equipamiento urbano,glorieta,arbolado,
815,L-09-931,len,privado,baldio/zona de reserva,,,
816,Q-02-946,qro,privado,jardin institucional,comercial,bodega,
817,L-04-964,len,privado,jardin institucional,escuela,,
818,L-03-644,len,privado,jardin residencial,,posibles paneles solares,
819,L-02-174,len,privado,jardin residencial,rural,,
820,Q-03-239,qro,privado,equipamiento urbano,residencial,arbolado vivienda particular,
821,Q-00-604,qro,privado,equipamiento urbano,campestre,arbolado vivienda particular,
822,L-01-511,len,privado,jardin residencial,rural,,
823,L-08-571,len,privado,jardin residencial,rural,,
824,L-07-306,len,privado,baldio/zona de reserva,arbolado,,
825,Q-10-571,qro,privado,jardin residencial,campestre,,
826,Q-06-501,qro,privado,jardin residencial,popular,,
827,Q-09-159,qro,privado,jardin institucional,escuela,,
828,Q-09-793,qro,privado,jardin institucional,comercial,salón de fiestas y bodegas,
829,Q-02-438,qro,privado,baldio/zona de reserva,,,
830,L-09-740,len,privado,jardin institucional,comercial,bodega,
831,Q-10-377,qro,privado,jardin residencial,rural,,
832,L-05-804,len,privado,baldio/zona de reserva,arbolado,,
833,Q-09-799,qro,privado,jardin institucional,comercial,bodega,
834,Q-07-344,qro,privado,parque,residencial,en construcción,
835,L-09-917,len,privado,jardin institucional,comercial,bodega,
836,L-03-464,len,publico,parque,deportivo,,
837,L-06-266,len,privado,baldio/zona de reserva,arbolado,,
838,Q-05-185,qro,privado,jardin residencial,,,
839,Q-05-441,qro,privado,jardin residencial,rural,,
840,L-00-498,len,publico,equipamiento urbano,canal,,
841,Q-08-286,qro,privado,jardin residencial,rural,,
842,Q-02-637,qro,privado,baldio/zona de reserva,rural,,
843,L-05-143,len,privado,agricola/cultivo,,,
844,Q-05-639,qro,privado,jardin institucional,escuela,,
845,Q-00-170,qro,privado,baldio/zona de reserva,arbolado,,
846,L-06-835,len,privado,baldio/zona de reserva,arroyo,arbolado,
847,L-07-779,len,privado,baldio/zona de reserva,arbolado,,
848,Q-02-584,qro,privado,baldio/zona de reserva,arroyo,arbolado,
849,L-09-125,len,privado,jardin residencial,,,
850,Q-01-062,qro,privado,baldio/zona de reserva,arroyo,,
851,L-07-591,len,privado,baldio/zona de reserva,arroyo,arbolado,
852,Q-09-819,qro,privado,jardin residencial,rural,,
853,Q-04-707,qro,privado,jardin residencial,popular,,
854,Q-06-674,qro,privado,jardin residencial,popular,,
855,L-04-662,len,privado,jardin residencial,campestre,,
856,Q-07-475,qro,privado,baldio/zona de reserva,residencial,,
857,Q-06-182,qro,privado,jardin residencial,,,
858,L-01-018,len,privado,baldio/zona de reserva,,,
859,L-08-025,len,privado,jardin institucional,escuela,Conalep,
860,L-04-880,len,privado,jardin residencial,rural,,
861,L-02-084,len,privado,baldio/zona de reserva,residencial,se mezcla la capa con jardín residencial ,
862,L-05-697,len,privado,jardin residencial,campestre,,
863,Q-08-586,qro,privado,jardin institucional,industrial,,
864,Q-09-615,qro,privado,baldio/zona de reserva,residencial,,
865,L-08-029,len,privado,equipamiento urbano,industrial,,
866,L-04-236,len,privado,parque,residencial,,
867,L-03-931,len,privado,jardin institucional,industrial,fabrica zapatos,
868,Q-02-335,qro,privado,parque,residencial,,
869,L-08-085,len,privado,equipamiento urbano,comercial,granja y bodega,
870,Q-01-378,qro,privado,baldio/zona de reserva,,,
871,Q-02-024,qro,privado,jardin residencial,departamentos,,
872,Q-04-328,qro,privado,baldio/zona de reserva,,,
873,Q-06-601,qro,privado,parque,residencial,,
874,Q-09-878,qro,privado,jardin residencial,rural,,
875,Q-05-786,qro,privado,jardin institucional,industrial,,
876,L-07-803,len,privado,baldio/zona de reserva,arbolado,,
877,Q-05-273,qro,privado,jardin residencial,campestre,,
878,L-05-742,len,privado,jardin residencial,campestre,,
879,L-00-103,len,privado,baldio/zona de reserva,,,
880,Q-01-945,qro,privado,baldio/zona de reserva,planta de tratamiento,CEA,
881,Q-02-147,qro,privado,baldio/zona de reserva,arbolado,,
882,Q-06-933,qro,privado,jardin institucional,escuela,,
883,Q-00-626,qro,privado,agricola/cultivo,agostadero,reserva de agua,
884,Q-08-477,qro,privado,parque,residencial,,
885,Q-07-722,qro,privado,jardin residencial,,,
886,L-00-444,len,privado,equipamiento urbano,residencial,,
887,Q-01-891,qro,privado,baldio/zona de reserva,,,
888,L-01-351,len,privado,baldio/zona de reserva,arroyo,,
889,L-04-141,len,privado,jardin institucional,escuela,se mezcla capa con jardines residenciales,
890,Q-06-360,qro,publico,equipamiento urbano,canal,,
891,Q-05-555,qro,privado,baldio/zona de reserva,arbolado,,
892,L-03-168,len,privado,parque,residencial,,
893,L-08-187,len,privado,baldio/zona de reserva,,,
894,Q-10-752,qro,privado,baldio/zona de reserva,,,
895,L-03-974,len,privado,baldio/zona de reserva,residencial,arbolado,
896,L-01-003,len,privado,baldio/zona de reserva,arroyo,arbolado,
897,L-07-786,len,privado,jardin residencial,campestre,,
898,L-05-884,len,privado,jardin residencial,campestre,,
899,Q-05-572,qro,privado,jardin institucional,industrial,,
900,Q-10-076,qro,privado,jardin residencial,rural,,
901,Q-07-806,qro,privado,baldio/zona de reserva,industrial,patio de servicios,
902,L-04-883,len,publico,parque,deportivo,COMUDE,
903,Q-10-136,qro,privado,jardin institucional,Cultural,"Obervatorio Ilalux, comparte capa con jardines residenciales rurales",
904,Q-05-156,qro,privado,jardin residencial,rural,,
905,Q-07-990,qro,privado,jardin institucional,industrial,,
906,Q-01-639,qro,publico,parque,,,
907,L-03-576,len,privado,jardin residencial,departamentos,en construcción,
908,Q-09-913,qro,privado,baldio/zona de reserva,rural,,
909,L-08-250,len,privado,jardin residencial,rural,,
910,L-01-212,len,publico,equipamiento urbano,arbolado calle,,
911,L-07-392,len,privado,jardin residencial,rural,,
912,Q-09-480,qro,privado,baldio/zona de reserva,arbolado,,
913,Q-01-295,qro,privado,jardin institucional,industrial,,
914,Q-03-163,qro,privado,jardin residencial,rural,,
915,L-09-203,len,privado,jardin residencial,rural,capa se mezcla con baldio,
916,L-07-220,len,privado,jardin residencial,campestre,,
917,L-06-130,len,privado,baldio/zona de reserva,arbolado,,
918,Q-04-021,qro,privado,jardin institucional,comercial,bodega,
919,L-02-179,len,privado,agricola/cultivo,,,
920,Q-01-937,qro,privado,baldio/zona de reserva,arbolado,,
921,L-09-488,len,privado,baldio/zona de reserva,arbolado,se mezcla con jardines residenciales rurales,
922,L-07-940,len,privado,jardin residencial,campestre,,
923,Q-02-622,qro,privado,baldio/zona de reserva,arbolado,,
924,L-02-154,len,publico,parque,arbolado,estacionamiento parque metropolitano León,
925,Q-04-024,qro,privado,deportivo,arbolado,Unidad deportiva juriqulla UNAM,
926,Q-05-246,qro,,,,paneles solares,
927,Q-05-291,qro,privado,parque,residencial,,
928,L-09-450,len,privado,baldio/zona de reserva,arroyo,arbolado,
929,Q-04-867,qro,privado,jardin residencial,rural,,
930,L-03-106,len,privado,baldio/zona de reserva,,,
931,L-04-459,len,privado,jardin residencial,residencial,,
932,NA,NA,,,,,
933,Q-03-745,qro,privado,jardin residencial,,,
934,L-03-893,len,privado,jardin residencial,,,
935,L-04-038,len,privado,jardin residencial,departamentos,,
936,L-01-159,len,privado,jardin residencial,rural,,
937,Q-08-975,qro,,,,,
938,Q-00-826,qro,privado,jardin institucional,deportivo,cub de polo,
939,Q-06-041,qro,privado,jardin residencial,,,
940,L-03-848,len,privado,jardin residencial,,,
941,Q-04-590,qro,privado,baldio/zona de reserva,arbolado,,
942,Q-02-353,qro,privado,equipamiento urbano,residencial,,
943,Q-10-830,qro,privado,agricola/cultivo,arbolado,se mezcla la capa con jardines residenciales rurales,
944,L-07-797,len,privado,agricola/cultivo,arbolado,,
945,Q-02-716,qro,privado,jardin residencial,rural,,
946,L-06-333,len,privado,jardin residencial,,,
947,L-04-802,len,privado,jardin residencial,popular,posible palapa de fiestas,
948,L-06-471,len,privado,jardin institucional,industrial,Reyma,
949,L-05-298,len,privado,jardin residencial,,,
950,L-07-825,len,privado,jardin residencial,rural,,
951,L-09-660,len,privado,jardin institucional,comercial,patio de servicios bodegas,
952,Q-04-576,qro,privado,jardin residencial,,,
953,Q-08-904,qro,privado,deportivo,arbolado,,
954,Q-05-713,qro,privado,jardin residencial,departamentos,,
955,Q-07-006,qro,privado,baldio/zona de reserva,,toma parte de panteón,
956,Q-03-086,qro,privado,baldio/zona de reserva,arbolado,,
957,Q-10-844,qro,privado,baldio/zona de reserva,arbolado,,
958,L-05-733,len,privado,baldio/zona de reserva,arbolado,,
959,L-06-505,len,privado,jardin residencial,rural,,
960,L-04-892,len,privado,baldio/zona de reserva,arbolado,Toyota,
961,L-08-860,len,privado,baldio/zona de reserva,,,
962,Q-00-009,qro,privado,baldio/zona de reserva,arroyo,arbolado,
963,Q-07-523,qro,privado,jardin institucional,militar,campo militar,
964,Q-03-230,qro,privado,jardin residencial,rural,,
965,L-01-885,len,privado,jardin residencial,campestre,Posible salon de fiestas o deportivo privado,
966,L-06-881,len,privado,baldio/zona de reserva,arbolado,,
967,L-08-554,len,privado,baldio/zona de reserva,,predio campestre sin construccción,
968,L-01-398,len,privado,jardin residencial,rural,,
969,Q-08-156,qro,privado,baldio/zona de reserva,,,
970,Q-06-480,qro,privado,jardin residencial,popular,,
971,Q-09-902,qro,privado,jardin institucional,comercial,bodega,
972,Q-04-252,qro,privado,jardin residencial,,,
973,L-07-611,len,privado,agricola/cultivo,granja,vacas,
974,L-01-044,len,privado,agricola/cultivo,,,
975,Q-11-237,qro,privado,jardin residencial,rural,,
976,Q-07-069,qro,privado,jardin institucional,escuela,,
977,L-02-777,len,privado,baldio/zona de reserva,arbolado,,
978,L-01-077,len,privado,baldio/zona de reserva,arroyo,arbolado,
979,L-01-333,len,privado,baldio/zona de reserva,arroyo,arbolado,
980,L-03-289,len,privado,baldio/zona de reserva,arbolado,,
981,L-00-179,len,privado,equipamiento urbano,residencial,,
982,L-07-528,len,privado,jardin institucional,industrial,Tejas Águila,
983,L-08-980,len,privado,jardin residencial,campestre,,
984,Q-08-797,qro,privado,baldio/zona de reserva,,,
985,L-06-103,len,privado,baldio/zona de reserva,,,
986,Q-06-437,qro,privado,jardin residencial,,,
987,Q-04-902,qro,privado,jardin residencial,rural,,
988,L-08-277,len,privado,jardin residencial,rural,,
989,L-05-216,len,privado,baldio/zona de reserva,arbolado,,
990,L-01-944,len,privado,agricola/cultivo,arbolado,,
991,Q-02-696,qro,privado,baldio/zona de reserva,arbolado,,
992,Q-10-891,qro,privado,jardin residencial,campestre,,
993,L-02-540,len,privado,jardin residencial,campestre,,
994,L-09-671,len,privado,jardin residencial,campestre,,
995,Q-05-444,qro,privado,baldio/zona de reserva,residencial,arbolado,
996,L-06-737,len,privado,jardin institucional,comercial,bodegas,
997,L-00-229,len,privado,equipamiento urbano,arroyo,,
998,L-00-277,len,privado,baldio/zona de reserva,arroyo,arbolado,
999,Q-00-817,qro,publico,equipamiento urbano,camellón,,
1000,L-09-085,len,privado,agricola/cultivo,arbolado,,